Order ID,Product,Category,Sales,Quantity,Discount,Profit,Region,Segment,Order Date
ORD-1000,Phone,Furniture,84.9,4,0.1,22.547993873848093,South,Home Office,2022-04-29
ORD-1001,Binder,Office Supplies,130.52,2,0.03,8.466749855344318,Central,Corporate,2022-06-05
ORD-1002,Notebook,Office Supplies,88.73,7,0.19,12.913493694356516,East,Consumer,2023-11-18
ORD-1003,Binder,Furniture,101.42,2,0.18,7.88740904018407,South,Consumer,2023-04-10
ORD-1004,Binder,Technology,149.7,1,0.5,21.906284855979834,West,Corporate,2022-04-14
ORD-1005,Printer,Office Supplies,94.95,9,0.22,5.800892715905182,West,Consumer,2023-08-27
ORD-1006,Notebook,Office Supplies,449.42,1,0.17,56.28860021487936,West,Home Office,2023-11-29
ORD-1007,Notebook,Office Supplies,49.31,8,0.29,8.208861776889512,West,Home Office,2023-05-17
ORD-1008,Notebook,Furniture,267.01,2,0.04,57.96601867862596,Central,Consumer,2023-11-24
ORD-1009,Binder,Office Supplies,211.09,8,0.48,17.08873243505222,South,Home Office,2023-11-13
ORD-1010,Phone,Technology,491.37,3,0.32,45.65274866917761,East,Consumer,2023-11-30
ORD-1011,Notebook,Office Supplies,64.9,6,0.38,6.011681722052603,South,Corporate,2022-06-24
ORD-1012,Desk,Office Supplies,204.95,3,0.09,21.64740308056761,Central,Consumer,2023-11-05
ORD-1013,Binder,Technology,485.04,7,0.2,39.32053771806924,West,Corporate,2023-02-25
ORD-1014,Printer,Office Supplies,434.1,9,0.21,58.56023771028704,Central,Home Office,2022-05-14
ORD-1015,Phone,Furniture,410.37,2,0.41,28.360149127925947,South,Corporate,2023-01-26
ORD-1016,Desk,Furniture,136.37,5,0.0,16.6187868105095,East,Home Office,2023-05-16
ORD-1017,Desk,Furniture,93.73,6,0.15,17.064545988762426,Central,Consumer,2023-10-27
ORD-1018,Printer,Technology,337.64,4,0.49,50.304480446081826,East,Home Office,2022-02-02
ORD-1019,Phone,Office Supplies,465.39,4,0.24,71.06089618598223,Central,Consumer,2022-02-24
ORD-1020,Binder,Furniture,282.81,4,0.19,15.862344023830232,East,Consumer,2023-06-03
ORD-1021,Chair,Technology,290.09,2,0.06,18.78685187758768,East,Corporate,2023-09-30
ORD-1022,Phone,Office Supplies,147.19,4,0.49,21.608442944223004,West,Corporate,2022-01-12
ORD-1023,Printer,Technology,387.05,1,0.01,47.63790909614224,East,Corporate,2023-06-12
ORD-1024,Desk,Furniture,101.65,6,0.37,4.675955938807172,West,Corporate,2023-12-21
ORD-1025,Binder,Furniture,168.6,1,0.38,20.88143219600092,South,Home Office,2023-07-09
ORD-1026,Phone,Furniture,218.46,6,0.12,39.58554866316414,South,Home Office,2023-01-08
ORD-1027,Chair,Technology,258.73,1,0.34,36.22305259803585,West,Home Office,2023-04-29
ORD-1028,Chair,Technology,128.78,6,0.05,14.295607872529864,West,Consumer,2023-10-09
ORD-1029,Notebook,Furniture,66.27,8,0.13,3.100546246829284,Central,Home Office,2022-08-16
ORD-1030,Notebook,Technology,309.2,2,0.39,54.93396971588671,Central,Home Office,2023-09-15
ORD-1031,Printer,Furniture,151.43,2,0.43,9.729719582033022,Central,Home Office,2022-11-03
ORD-1032,Phone,Furniture,294.81,4,0.3,45.19572924663502,South,Corporate,2023-04-02
ORD-1033,Phone,Office Supplies,85.64,3,0.25,14.55820913557738,Central,Home Office,2022-06-09
ORD-1034,Desk,Technology,245.76,4,0.08,45.785507248934515,East,Consumer,2022-11-27
ORD-1035,Desk,Furniture,270.97,7,0.03,33.703260277942526,East,Corporate,2022-08-13
ORD-1036,Desk,Furniture,35.39,1,0.06,3.917942658866917,Central,Consumer,2023-12-30
ORD-1037,Notebook,Technology,174.94,6,0.11,31.04855988616242,East,Home Office,2023-05-19
ORD-1038,Phone,Office Supplies,75.86,3,0.17,16.781358063899955,South,Corporate,2023-04-01
ORD-1039,Phone,Office Supplies,41.05,7,0.19,9.532367463391843,East,Consumer,2022-02-14
ORD-1040,Chair,Furniture,495.08,2,0.17,31.425427971174056,South,Home Office,2022-08-02
ORD-1041,Notebook,Technology,167.95,2,0.12,13.11056240687315,West,Consumer,2022-02-28
ORD-1042,Binder,Office Supplies,406.84,4,0.25,87.32334366062027,West,Consumer,2023-10-06
ORD-1043,Notebook,Technology,134.77,1,0.41,18.616985776595303,West,Consumer,2023-09-08
ORD-1044,Binder,Technology,343.94,3,0.14,80.0842526640697,West,Home Office,2022-07-14
ORD-1045,Chair,Furniture,382.51,9,0.47,20.40645867701209,East,Home Office,2023-05-04
ORD-1046,Printer,Office Supplies,301.86,7,0.44,33.28369394743177,Central,Consumer,2022-06-06
ORD-1047,Phone,Furniture,241.07,7,0.08,49.964676066030684,East,Corporate,2023-09-02
ORD-1048,Chair,Office Supplies,211.8,4,0.39,28.427173843994495,South,Corporate,2022-08-14
ORD-1049,Phone,Office Supplies,180.95,2,0.29,19.5329961020634,East,Home Office,2023-02-16
ORD-1050,Desk,Office Supplies,465.47,4,0.28,18.046774842399604,East,Home Office,2022-07-24
ORD-1051,Printer,Office Supplies,417.0,6,0.2,65.29603313747555,South,Home Office,2022-03-20
ORD-1052,Printer,Office Supplies,482.86,3,0.25,41.02211422654985,West,Home Office,2022-05-04
ORD-1053,Chair,Technology,70.91,1,0.2,9.221905718798473,West,Home Office,2023-04-16
ORD-1054,Printer,Furniture,368.13,8,0.27,77.77060458261202,West,Corporate,2022-08-06
ORD-1055,Binder,Technology,469.79,5,0.31,48.5450883234788,Central,Home Office,2023-05-31
ORD-1056,Printer,Office Supplies,98.8,5,0.34,16.95084579184348,South,Consumer,2023-08-25
ORD-1057,Phone,Furniture,42.58,4,0.27,3.019290766186568,South,Consumer,2022-04-14
ORD-1058,Phone,Office Supplies,373.15,6,0.36,52.08938157408632,East,Corporate,2023-01-28
ORD-1059,Phone,Furniture,291.49,3,0.07,79.76743853723727,Central,Consumer,2023-09-23
ORD-1060,Phone,Technology,422.5,9,0.11,28.379838313936514,West,Corporate,2023-10-07
ORD-1061,Binder,Furniture,78.49,5,0.41,2.4117772591483146,Central,Corporate,2023-08-31
ORD-1062,Notebook,Furniture,399.68,3,0.16,53.17837781747469,South,Consumer,2023-03-10
ORD-1063,Desk,Furniture,108.8,1,0.01,7.8798190076072165,South,Home Office,2022-11-27
ORD-1064,Chair,Furniture,90.19,6,0.08,19.673000434378842,East,Consumer,2022-05-23
ORD-1065,Phone,Furniture,90.49,2,0.11,22.44035066164348,East,Consumer,2023-06-24
ORD-1066,Printer,Office Supplies,409.14,3,0.48,33.72243430062801,South,Corporate,2022-10-05
ORD-1067,Phone,Furniture,335.95,1,0.29,27.35349127232637,West,Consumer,2022-08-21
ORD-1068,Printer,Furniture,266.3,9,0.47,22.384762510318478,West,Corporate,2023-06-13
ORD-1069,Desk,Technology,185.83,8,0.29,30.45976466841416,Central,Home Office,2023-07-25
ORD-1070,Desk,Furniture,439.83,2,0.24,17.47017545869997,South,Home Office,2022-03-31
ORD-1071,Desk,Technology,202.3,8,0.16,33.5383738352784,South,Home Office,2023-05-07
ORD-1072,Printer,Office Supplies,410.13,9,0.3,58.37218077650062,West,Consumer,2022-07-18
ORD-1073,Phone,Furniture,225.18,1,0.07,43.85662366887622,West,Corporate,2022-12-28
ORD-1074,Desk,Technology,194.7,5,0.45,11.833483608688061,South,Home Office,2023-03-17
ORD-1075,Binder,Technology,236.71,8,0.41,31.913899472248374,East,Corporate,2022-01-26
ORD-1076,Printer,Office Supplies,157.68,2,0.16,9.648788008606846,South,Corporate,2022-01-25
ORD-1077,Printer,Furniture,376.33,4,0.48,19.53346274393165,South,Home Office,2023-01-29
ORD-1078,Phone,Furniture,256.33,7,0.41,40.73771481619415,West,Home Office,2023-05-22
ORD-1079,Printer,Technology,123.78,3,0.33,19.462687892486507,West,Corporate,2022-10-28
ORD-1080,Printer,Furniture,450.79,5,0.06,22.643274198801965,East,Home Office,2022-12-05
ORD-1081,Desk,Technology,198.11,8,0.24,16.877285978953616,East,Corporate,2022-09-24
ORD-1082,Phone,Furniture,276.34,3,0.25,21.471953908187082,Central,Corporate,2023-04-06
ORD-1083,Desk,Technology,454.17,4,0.12,47.04174420100141,South,Home Office,2023-11-24
ORD-1084,Desk,Furniture,315.88,9,0.04,33.93004325664253,West,Consumer,2023-04-01
ORD-1085,Phone,Office Supplies,67.28,7,0.39,2.6935722995807456,East,Home Office,2022-12-26
ORD-1086,Chair,Furniture,470.52,1,0.06,72.86050258924693,Central,Consumer,2022-03-09
ORD-1087,Desk,Furniture,317.58,4,0.3,51.8380619614533,Central,Corporate,2023-02-16
ORD-1088,Binder,Office Supplies,174.1,4,0.47,18.609889108713002,West,Corporate,2023-05-06
ORD-1089,Binder,Furniture,78.24,9,0.44,9.561087109155926,West,Consumer,2022-02-18
ORD-1090,Printer,Office Supplies,399.07,6,0.14,24.122613575868247,Central,Corporate,2023-11-18
ORD-1091,Binder,Furniture,313.84,9,0.43,51.49719783866832,East,Consumer,2023-07-18
ORD-1092,Printer,Technology,271.4,6,0.0,70.46167092624924,Central,Consumer,2022-04-12
ORD-1093,Chair,Technology,448.01,6,0.01,111.44690211333736,South,Corporate,2022-08-04
ORD-1094,Phone,Furniture,396.41,5,0.3,70.96617677740623,South,Consumer,2023-03-14
ORD-1095,Phone,Furniture,84.32,5,0.18,19.579580759379656,West,Home Office,2023-12-01
ORD-1096,Phone,Furniture,162.74,2,0.19,24.526777815181998,East,Home Office,2023-07-23
ORD-1097,Binder,Technology,131.76,8,0.28,9.49340856136291,East,Corporate,2023-07-13
ORD-1098,Chair,Furniture,374.53,8,0.1,68.82974204602776,South,Corporate,2022-06-08
ORD-1099,Binder,Technology,26.43,1,0.11,5.544779627775708,Central,Consumer,2023-05-04
ORD-1100,Binder,Office Supplies,289.25,8,0.24,51.545595145253856,West,Consumer,2023-11-17
ORD-1101,Chair,Technology,383.6,5,0.38,42.89591607891436,Central,Consumer,2022-08-30
ORD-1102,Chair,Technology,439.62,2,0.31,20.358419328366256,Central,Consumer,2022-01-05
ORD-1103,Chair,Office Supplies,177.62,2,0.15,21.556229526341355,Central,Home Office,2023-08-19
ORD-1104,Chair,Technology,412.42,6,0.22,90.1341801091793,East,Home Office,2022-12-27
ORD-1105,Phone,Furniture,64.21,9,0.09,11.459053172731783,South,Corporate,2023-04-04
ORD-1106,Notebook,Furniture,424.76,1,0.04,75.26733029215123,East,Consumer,2022-09-05
ORD-1107,Notebook,Technology,72.47,6,0.39,5.181616663559828,South,Consumer,2023-07-20
ORD-1108,Chair,Furniture,204.67,9,0.13,25.304915795553452,West,Corporate,2023-11-04
ORD-1109,Notebook,Technology,400.67,8,0.09,99.84345224057758,West,Consumer,2023-02-26
ORD-1110,Notebook,Furniture,83.46,6,0.35,11.751188466320828,Central,Consumer,2022-01-15
ORD-1111,Chair,Furniture,122.33,3,0.31,20.83576698450072,South,Consumer,2023-07-27
ORD-1112,Notebook,Technology,363.9,8,0.32,40.47977090723434,South,Consumer,2022-05-02
ORD-1113,Binder,Furniture,362.82,9,0.11,67.02374089628601,South,Consumer,2022-10-04
ORD-1114,Printer,Technology,324.16,1,0.12,31.976566734243598,Central,Corporate,2023-07-12
ORD-1115,Printer,Furniture,350.03,9,0.11,70.51880610936864,Central,Consumer,2023-03-29
ORD-1116,Chair,Furniture,275.93,6,0.09,39.39709319199332,West,Corporate,2023-01-25
ORD-1117,Phone,Office Supplies,133.38,6,0.33,14.355205728303451,East,Consumer,2022-10-21
ORD-1118,Chair,Office Supplies,179.39,4,0.42,22.09219011184779,South,Home Office,2023-07-28
ORD-1119,Phone,Technology,98.98,1,0.36,17.9950489460791,South,Home Office,2023-08-21
ORD-1120,Printer,Office Supplies,455.14,8,0.4,18.02397728931716,East,Home Office,2023-03-22
ORD-1121,Chair,Technology,295.86,2,0.2,60.63610684029714,South,Home Office,2022-07-29
ORD-1122,Desk,Office Supplies,206.42,1,0.33,17.02431837659022,Central,Corporate,2023-08-13
ORD-1123,Binder,Furniture,236.38,2,0.18,31.202984534524607,Central,Corporate,2023-12-15
ORD-1124,Notebook,Technology,474.17,1,0.26,19.466558974470512,South,Consumer,2022-10-29
ORD-1125,Phone,Technology,85.14,1,0.24,8.10522198269455,Central,Home Office,2022-08-11
ORD-1126,Desk,Furniture,297.25,9,0.09,47.514998638335925,Central,Corporate,2022-01-03
ORD-1127,Notebook,Technology,257.89,1,0.19,13.378212838894038,South,Consumer,2023-06-02
ORD-1128,Notebook,Technology,309.61,4,0.48,27.816119340661835,West,Consumer,2022-04-03
ORD-1129,Chair,Office Supplies,18.87,6,0.12,4.679087064642876,East,Corporate,2023-06-04
ORD-1130,Notebook,Technology,437.34,7,0.07,31.0528557766897,Central,Home Office,2023-03-04
ORD-1131,Binder,Furniture,466.74,2,0.21,88.90325542083727,West,Consumer,2023-05-08
ORD-1132,Desk,Office Supplies,286.92,6,0.4,26.23902279519597,Central,Home Office,2022-08-23
ORD-1133,Notebook,Office Supplies,351.36,7,0.29,53.33410594951068,Central,Home Office,2023-09-12
ORD-1134,Chair,Furniture,462.02,2,0.34,35.08535464518738,East,Home Office,2022-06-10
ORD-1135,Binder,Furniture,356.55,2,0.09,29.1602598125751,Central,Consumer,2023-12-22
ORD-1136,Printer,Office Supplies,84.74,7,0.31,5.269116333501793,East,Home Office,2022-11-27
ORD-1137,Desk,Technology,292.38,1,0.16,16.608151364099953,East,Consumer,2022-11-29
ORD-1138,Notebook,Office Supplies,307.29,8,0.42,17.183279512619936,East,Home Office,2022-02-19
ORD-1139,Chair,Furniture,217.82,3,0.31,32.472135960606245,West,Consumer,2023-06-07
ORD-1140,Printer,Office Supplies,370.86,6,0.1,90.26005056936377,South,Home Office,2023-10-30
ORD-1141,Printer,Furniture,467.84,9,0.03,115.05377598114,West,Corporate,2023-05-07
ORD-1142,Phone,Office Supplies,463.53,6,0.02,100.52014513074931,South,Home Office,2023-08-05
ORD-1143,Binder,Technology,230.91,9,0.19,14.51556887000219,South,Home Office,2023-11-12
ORD-1144,Notebook,Office Supplies,65.49,7,0.13,6.968022674097981,East,Consumer,2022-09-29
ORD-1145,Chair,Office Supplies,492.57,9,0.32,42.68964733819004,Central,Consumer,2023-08-03
ORD-1146,Phone,Furniture,421.06,2,0.25,35.5235384719092,East,Home Office,2022-09-09
ORD-1147,Binder,Furniture,71.08,8,0.13,11.05391599854635,Central,Corporate,2023-07-14
ORD-1148,Phone,Furniture,461.21,8,0.07,78.874410178352,South,Corporate,2023-11-27
ORD-1149,Desk,Office Supplies,436.25,2,0.06,57.09125406707325,East,Consumer,2023-11-30
ORD-1150,Binder,Technology,264.23,4,0.43,20.851698591342316,Central,Corporate,2022-03-31
ORD-1151,Binder,Furniture,299.72,7,0.12,67.82131043697036,West,Home Office,2023-03-22
ORD-1152,Notebook,Furniture,205.51,4,0.33,34.05435352074491,Central,Consumer,2022-11-28
ORD-1153,Binder,Office Supplies,36.83,4,0.41,2.7585627709182745,East,Home Office,2022-05-19
ORD-1154,Phone,Furniture,174.25,6,0.31,33.47839226949791,West,Consumer,2022-12-23
ORD-1155,Binder,Technology,403.4,6,0.43,66.26899484488057,Central,Consumer,2023-08-24
ORD-1156,Notebook,Technology,12.27,3,0.2,1.2926261981417204,Central,Consumer,2022-10-01
ORD-1157,Notebook,Furniture,173.41,9,0.48,12.498567948126471,Central,Consumer,2022-01-19
ORD-1158,Desk,Furniture,205.1,2,0.07,33.64869383154117,Central,Corporate,2022-11-07
ORD-1159,Phone,Office Supplies,273.32,6,0.05,74.07414586440461,Central,Home Office,2022-06-03
ORD-1160,Printer,Technology,460.73,7,0.33,83.06201928230259,West,Home Office,2023-01-25
ORD-1161,Printer,Technology,179.71,9,0.47,7.204619733656343,South,Home Office,2022-09-17
ORD-1162,Binder,Furniture,180.01,3,0.4,16.00461916444314,West,Consumer,2023-09-12
ORD-1163,Desk,Office Supplies,371.38,3,0.04,67.14887818782486,West,Corporate,2023-07-25
ORD-1164,Chair,Technology,231.59,7,0.14,35.010266603415396,West,Home Office,2022-05-05
ORD-1165,Binder,Technology,120.06,4,0.47,6.2655539915866925,South,Corporate,2022-12-20
ORD-1166,Desk,Office Supplies,231.7,8,0.13,53.35880647882636,East,Consumer,2022-09-30
ORD-1167,Phone,Office Supplies,79.02,7,0.39,10.567618752542538,South,Home Office,2023-09-11
ORD-1168,Phone,Technology,96.43,5,0.41,14.762611926576518,West,Corporate,2022-09-02
ORD-1169,Phone,Technology,254.2,7,0.25,50.463352464494214,Central,Consumer,2023-03-26
ORD-1170,Phone,Office Supplies,215.27,3,0.19,41.34089433527132,Central,Corporate,2022-09-04
ORD-1171,Phone,Technology,458.27,2,0.23,56.38922563018129,West,Home Office,2023-06-04
ORD-1172,Desk,Furniture,187.57,6,0.11,33.82762170150911,Central,Home Office,2022-05-21
ORD-1173,Desk,Furniture,294.49,2,0.44,14.857361182748445,West,Consumer,2022-12-28
ORD-1174,Notebook,Office Supplies,319.81,3,0.23,53.784604135310175,Central,Consumer,2022-01-08
ORD-1175,Printer,Office Supplies,16.42,6,0.44,0.8718273842934587,South,Consumer,2023-04-23
ORD-1176,Phone,Office Supplies,335.13,5,0.05,71.15246498857135,East,Corporate,2022-12-18
ORD-1177,Chair,Furniture,97.24,8,0.49,5.3262009568437785,East,Corporate,2023-05-10
ORD-1178,Desk,Technology,480.92,9,0.22,29.779770397307544,South,Corporate,2023-08-29
ORD-1179,Chair,Furniture,82.84,3,0.02,7.413740955043435,South,Consumer,2023-03-03
ORD-1180,Chair,Technology,213.17,3,0.02,10.549372548839056,West,Home Office,2022-02-08
ORD-1181,Chair,Furniture,51.82,3,0.37,7.498431202054266,West,Home Office,2023-08-16
ORD-1182,Notebook,Technology,498.47,6,0.33,77.84963677979182,West,Corporate,2022-07-06
ORD-1183,Desk,Furniture,256.08,1,0.4,27.462019836868123,Central,Corporate,2023-08-19
ORD-1184,Chair,Office Supplies,301.74,7,0.05,25.896432752732228,West,Home Office,2023-08-23
ORD-1185,Phone,Furniture,42.87,1,0.02,2.978213740025401,South,Home Office,2022-04-03
ORD-1186,Binder,Technology,377.48,5,0.25,15.509400422015084,East,Corporate,2022-03-27
ORD-1187,Chair,Furniture,112.85,8,0.19,8.358123058531344,Central,Corporate,2022-02-13
ORD-1188,Notebook,Furniture,450.05,4,0.23,94.50586020243931,West,Home Office,2022-05-17
ORD-1189,Desk,Furniture,110.52,5,0.5,6.099831468108734,Central,Consumer,2023-02-25
ORD-1190,Notebook,Office Supplies,103.44,4,0.49,7.310062826136971,Central,Corporate,2022-03-15
ORD-1191,Chair,Furniture,27.91,4,0.47,1.1291905025233062,West,Home Office,2023-07-02
ORD-1192,Desk,Office Supplies,241.31,8,0.39,15.542800983439097,Central,Home Office,2023-09-05
ORD-1193,Binder,Office Supplies,286.77,2,0.18,42.28166618334109,East,Home Office,2023-05-27
ORD-1194,Chair,Furniture,42.2,1,0.21,6.732214737260716,South,Home Office,2022-06-05
ORD-1195,Notebook,Furniture,390.01,3,0.27,31.698763728753423,South,Consumer,2022-09-12
ORD-1196,Printer,Furniture,232.11,9,0.42,8.674220664272585,East,Home Office,2022-06-20
ORD-1197,Phone,Technology,266.95,4,0.03,38.260734420288074,Central,Corporate,2023-12-29
ORD-1198,Notebook,Furniture,225.97,5,0.21,19.378094806324185,West,Consumer,2022-06-19
ORD-1199,Desk,Office Supplies,206.37,2,0.04,20.780002352864212,Central,Home Office,2022-11-18
ORD-1200,Chair,Furniture,284.22,4,0.26,60.98639807063538,East,Consumer,2023-07-21
ORD-1201,Phone,Technology,86.07,2,0.45,9.660610138248723,Central,Corporate,2023-04-01
ORD-1202,Chair,Furniture,99.14,2,0.39,11.443131650552441,South,Home Office,2023-08-26
ORD-1203,Desk,Technology,432.27,4,0.11,59.22529564000586,Central,Corporate,2023-09-05
ORD-1204,Chair,Technology,473.6,6,0.49,37.97817462984584,East,Home Office,2022-06-04
ORD-1205,Printer,Furniture,192.92,7,0.33,23.941678384524128,South,Home Office,2022-12-15
ORD-1206,Phone,Office Supplies,142.66,3,0.01,31.651457377263334,Central,Home Office,2023-03-27
ORD-1207,Phone,Technology,325.56,3,0.13,63.880333568368016,Central,Home Office,2023-10-15
ORD-1208,Desk,Furniture,210.28,6,0.13,16.999755393425673,South,Home Office,2022-06-22
ORD-1209,Printer,Furniture,22.44,3,0.03,3.8098035629753815,West,Consumer,2022-01-10
ORD-1210,Notebook,Office Supplies,86.51,2,0.48,6.882264324182022,South,Home Office,2022-09-22
ORD-1211,Chair,Technology,360.83,8,0.24,73.39286659540656,West,Home Office,2023-03-14
ORD-1212,Binder,Technology,332.87,5,0.45,38.053732242069636,East,Consumer,2022-09-04
ORD-1213,Chair,Furniture,23.28,1,0.16,3.581065879894452,East,Consumer,2023-10-29
ORD-1214,Chair,Furniture,118.77,3,0.06,8.802964088123653,South,Consumer,2023-06-30
ORD-1215,Notebook,Office Supplies,123.23,8,0.24,18.86296384925156,South,Consumer,2023-05-14
ORD-1216,Chair,Office Supplies,339.23,4,0.06,25.287194017117812,East,Consumer,2022-05-09
ORD-1217,Printer,Technology,19.66,7,0.24,2.0066814423683104,West,Consumer,2023-11-03
ORD-1218,Printer,Technology,61.01,2,0.46,2.8237664168985224,East,Home Office,2023-08-24
ORD-1219,Phone,Furniture,401.96,7,0.26,66.33691578421433,South,Home Office,2023-08-28
ORD-1220,Desk,Technology,97.49,5,0.31,6.831951954685423,East,Corporate,2022-11-23
ORD-1221,Binder,Office Supplies,329.85,5,0.08,44.90170727659619,South,Home Office,2023-02-08
ORD-1222,Chair,Office Supplies,126.71,6,0.02,34.014073012658486,South,Home Office,2023-09-21
ORD-1223,Chair,Furniture,58.73,9,0.06,5.580192781300058,East,Consumer,2023-08-29
ORD-1224,Notebook,Office Supplies,129.15,6,0.3,15.997279201798358,West,Consumer,2023-11-06
ORD-1225,Desk,Office Supplies,363.91,8,0.05,53.52279817604518,Central,Home Office,2023-09-03
ORD-1226,Printer,Office Supplies,429.29,7,0.19,18.96179009005557,East,Corporate,2023-09-17
ORD-1227,Binder,Office Supplies,416.81,9,0.28,74.48247167729114,Central,Consumer,2022-12-25
ORD-1228,Phone,Furniture,204.62,4,0.19,11.148065103393915,East,Home Office,2023-08-26
ORD-1229,Printer,Furniture,337.36,2,0.08,52.317334991660566,Central,Home Office,2023-12-19
ORD-1230,Desk,Technology,110.44,7,0.14,18.062001842007387,West,Corporate,2022-01-17
ORD-1231,Phone,Office Supplies,153.64,6,0.46,17.182724507225796,West,Corporate,2022-10-01
ORD-1232,Notebook,Technology,449.2,1,0.34,65.86359910104112,East,Consumer,2023-11-16
ORD-1233,Notebook,Furniture,16.37,9,0.25,1.3912629221750337,South,Corporate,2022-04-26
ORD-1234,Chair,Furniture,51.9,9,0.01,2.697229880871947,Central,Home Office,2023-11-24
ORD-1235,Desk,Furniture,111.86,2,0.5,12.912051008877558,South,Home Office,2022-04-01
ORD-1236,Binder,Furniture,23.0,3,0.34,2.79181679452406,South,Corporate,2022-03-23
ORD-1237,Phone,Furniture,98.9,5,0.16,21.519128577911353,South,Corporate,2022-11-20
ORD-1238,Printer,Furniture,295.69,5,0.44,42.282005503654894,West,Corporate,2022-04-24
ORD-1239,Desk,Furniture,216.5,1,0.13,49.12892508342168,East,Corporate,2022-02-27
ORD-1240,Desk,Office Supplies,447.41,8,0.27,55.93957183241392,East,Consumer,2022-06-03
ORD-1241,Notebook,Technology,410.55,8,0.32,37.243793444840286,West,Corporate,2023-02-08
ORD-1242,Chair,Furniture,177.49,4,0.11,39.15814554659216,West,Consumer,2023-09-20
ORD-1243,Chair,Office Supplies,137.12,7,0.49,11.386444719267859,East,Home Office,2022-09-23
ORD-1244,Phone,Office Supplies,196.05,3,0.37,11.839880210270701,South,Corporate,2022-11-11
ORD-1245,Notebook,Technology,299.24,6,0.28,56.824276610443604,Central,Consumer,2023-12-16
ORD-1246,Desk,Furniture,141.35,9,0.09,34.81201327735297,Central,Corporate,2022-02-10
ORD-1247,Binder,Technology,315.83,1,0.03,51.031847993324355,Central,Home Office,2022-04-15
ORD-1248,Notebook,Furniture,210.61,5,0.16,12.19367510943001,South,Home Office,2022-07-12
ORD-1249,Phone,Office Supplies,280.5,4,0.38,25.557208824363375,East,Home Office,2023-02-05
ORD-1250,Phone,Office Supplies,223.7,8,0.13,48.826873936738096,West,Corporate,2022-10-05
ORD-1251,Notebook,Office Supplies,154.29,1,0.27,31.023670462752566,East,Corporate,2022-12-20
ORD-1252,Phone,Office Supplies,474.74,9,0.36,30.647143963729384,South,Consumer,2023-08-03
ORD-1253,Notebook,Technology,384.17,6,0.05,24.358772476290284,West,Home Office,2023-12-10
ORD-1254,Printer,Furniture,78.66,4,0.34,13.982823796165796,South,Corporate,2022-09-13
ORD-1255,Notebook,Furniture,435.55,9,0.05,60.96988877840917,Central,Home Office,2023-10-13
ORD-1256,Notebook,Technology,248.84,5,0.48,23.99537378528426,Central,Home Office,2023-10-23
ORD-1257,Phone,Furniture,448.33,5,0.24,99.49899964817618,South,Consumer,2022-04-09
ORD-1258,Phone,Office Supplies,401.93,5,0.08,24.642283050829626,West,Consumer,2023-08-11
ORD-1259,Chair,Furniture,218.35,1,0.17,38.43527416238675,West,Consumer,2022-10-09
ORD-1260,Chair,Office Supplies,21.01,1,0.21,1.1373935983388468,East,Consumer,2023-02-07
ORD-1261,Printer,Technology,141.65,8,0.38,12.634851926178369,Central,Home Office,2022-04-19
ORD-1262,Chair,Furniture,275.4,8,0.37,43.540957805038346,East,Consumer,2023-12-01
ORD-1263,Notebook,Technology,320.4,6,0.31,35.01137683217115,East,Consumer,2022-07-18
ORD-1264,Phone,Furniture,136.36,4,0.05,38.771349122324004,South,Consumer,2022-10-30
ORD-1265,Chair,Office Supplies,78.28,2,0.08,13.666406989892605,South,Consumer,2022-11-23
ORD-1266,Chair,Technology,419.12,2,0.05,51.87700183553545,East,Home Office,2022-06-03
ORD-1267,Printer,Furniture,492.36,9,0.29,36.71516720498741,Central,Consumer,2023-07-06
ORD-1268,Desk,Office Supplies,267.59,5,0.44,20.62393056774877,South,Home Office,2023-10-07
ORD-1269,Printer,Technology,94.12,4,0.22,10.50793218661854,East,Corporate,2023-02-09
ORD-1270,Notebook,Technology,143.43,1,0.08,8.864568643067976,East,Home Office,2023-04-07
ORD-1271,Phone,Furniture,19.01,7,0.28,1.9489689955985323,East,Home Office,2022-05-12
ORD-1272,Printer,Furniture,458.01,3,0.41,44.87361295279995,East,Consumer,2022-03-25
ORD-1273,Chair,Furniture,67.7,6,0.37,9.838921967684316,East,Corporate,2023-02-03
ORD-1274,Phone,Office Supplies,292.49,5,0.44,35.081872978071246,East,Corporate,2023-09-20
ORD-1275,Phone,Furniture,144.29,5,0.14,28.192046224498156,South,Corporate,2022-04-19
ORD-1276,Chair,Technology,281.55,5,0.1,13.199578792296553,Central,Corporate,2022-08-09
ORD-1277,Printer,Technology,329.2,1,0.44,19.249455111867746,East,Home Office,2023-07-07
ORD-1278,Chair,Furniture,416.57,1,0.33,60.12443052313697,West,Corporate,2023-01-03
ORD-1279,Desk,Furniture,111.15,3,0.16,15.965337837367567,South,Home Office,2022-05-27
ORD-1280,Phone,Technology,15.39,4,0.37,0.4976644665093955,South,Home Office,2022-04-22
ORD-1281,Binder,Office Supplies,77.07,5,0.41,11.418919308602531,East,Home Office,2023-09-07
ORD-1282,Binder,Furniture,451.01,2,0.31,75.68383087456894,South,Corporate,2023-07-12
ORD-1283,Notebook,Furniture,438.21,8,0.34,54.11418563354248,East,Consumer,2023-05-09
ORD-1284,Chair,Technology,302.73,2,0.19,16.3349546289808,Central,Consumer,2023-05-20
ORD-1285,Chair,Furniture,304.25,9,0.27,53.66635219720272,Central,Corporate,2023-04-20
ORD-1286,Notebook,Office Supplies,335.87,2,0.26,48.69678830159664,South,Consumer,2022-09-28
ORD-1287,Notebook,Technology,95.93,9,0.42,13.65891598827064,South,Consumer,2023-02-25
ORD-1288,Notebook,Furniture,458.06,7,0.42,63.21379796384162,West,Home Office,2023-12-08
ORD-1289,Phone,Technology,215.2,8,0.42,31.297676653372353,South,Home Office,2023-01-02
ORD-1290,Desk,Furniture,197.74,2,0.01,35.139781475085506,West,Corporate,2022-10-07
ORD-1291,Chair,Furniture,264.27,7,0.37,14.16516576662253,Central,Corporate,2022-10-10
ORD-1292,Phone,Furniture,33.01,6,0.38,4.4573207704208455,Central,Consumer,2022-02-09
ORD-1293,Notebook,Office Supplies,91.48,4,0.34,12.384395406331453,East,Home Office,2022-07-08
ORD-1294,Chair,Office Supplies,371.64,7,0.38,54.277741046053656,Central,Corporate,2022-06-13
ORD-1295,Phone,Technology,50.57,4,0.42,2.712207959017925,West,Corporate,2023-06-20
ORD-1296,Desk,Furniture,305.54,2,0.24,22.92933728973153,South,Corporate,2023-06-20
ORD-1297,Phone,Furniture,130.22,7,0.25,26.623711374806426,East,Corporate,2022-01-04
ORD-1298,Desk,Office Supplies,200.75,8,0.06,44.8163901142245,West,Corporate,2022-10-17
ORD-1299,Notebook,Furniture,151.46,2,0.19,33.99008809695656,South,Corporate,2023-03-09
ORD-1300,Desk,Office Supplies,184.28,5,0.32,30.03425009529484,East,Consumer,2023-04-16
ORD-1301,Chair,Furniture,362.33,1,0.39,44.04707550796857,Central,Home Office,2022-06-30
ORD-1302,Notebook,Technology,155.59,7,0.11,29.56902904330213,West,Home Office,2022-09-05
ORD-1303,Chair,Furniture,287.54,8,0.07,72.81152355555768,South,Corporate,2023-09-20
ORD-1304,Binder,Furniture,243.26,6,0.33,31.733298959681253,East,Home Office,2022-10-06
ORD-1305,Printer,Office Supplies,335.2,5,0.0,69.75439297871885,East,Home Office,2023-08-04
ORD-1306,Desk,Furniture,469.05,6,0.09,38.039229328438715,Central,Home Office,2022-09-11
ORD-1307,Printer,Furniture,368.96,2,0.01,61.54086841007422,South,Corporate,2022-06-30
ORD-1308,Printer,Office Supplies,115.32,1,0.08,24.30615043873183,Central,Corporate,2023-11-12
ORD-1309,Desk,Technology,25.28,7,0.09,2.7084856465570812,Central,Home Office,2023-05-24
ORD-1310,Notebook,Technology,138.51,7,0.19,11.282535875251801,South,Home Office,2023-12-01
ORD-1311,Binder,Office Supplies,301.59,2,0.2,30.993005418480294,South,Corporate,2023-07-20
ORD-1312,Chair,Office Supplies,35.2,2,0.44,2.175715094748684,South,Consumer,2022-11-22
ORD-1313,Phone,Office Supplies,253.22,1,0.26,19.43687292081589,West,Home Office,2022-12-23
ORD-1314,Chair,Office Supplies,302.45,8,0.36,30.237781988072463,South,Consumer,2023-10-12
ORD-1315,Phone,Office Supplies,173.78,8,0.05,45.72354202388662,East,Home Office,2023-11-11
ORD-1316,Chair,Technology,387.75,1,0.11,61.00112911010371,Central,Consumer,2023-01-26
ORD-1317,Desk,Technology,62.23,8,0.35,3.9227963609473524,West,Consumer,2023-09-07
ORD-1318,Binder,Office Supplies,46.82,9,0.03,3.144694788400037,South,Consumer,2022-03-26
ORD-1319,Phone,Furniture,366.81,4,0.24,62.45661676362804,West,Corporate,2022-11-13
ORD-1320,Notebook,Office Supplies,252.79,1,0.3,25.781997440828032,South,Consumer,2022-07-31
ORD-1321,Chair,Furniture,347.32,1,0.3,62.10790676440471,West,Consumer,2023-05-30
ORD-1322,Chair,Office Supplies,223.07,3,0.01,47.4534391222724,Central,Consumer,2023-01-19
ORD-1323,Phone,Office Supplies,130.74,5,0.16,27.352207521193492,Central,Home Office,2023-11-22
ORD-1324,Notebook,Technology,411.36,5,0.32,33.00375287177942,East,Consumer,2022-12-08
ORD-1325,Notebook,Furniture,401.71,9,0.07,83.34415938747586,East,Home Office,2022-02-07
ORD-1326,Desk,Furniture,350.4,2,0.35,26.423689408460348,South,Consumer,2023-05-26
ORD-1327,Desk,Technology,143.35,2,0.37,25.71746097834889,Central,Consumer,2023-02-24
ORD-1328,Desk,Technology,299.21,6,0.49,31.907072469144115,West,Corporate,2022-06-18
ORD-1329,Desk,Technology,186.88,9,0.1,22.054672173772786,West,Home Office,2022-12-09
ORD-1330,Desk,Technology,54.88,1,0.41,3.800604622883489,West,Consumer,2022-11-02
ORD-1331,Desk,Furniture,459.48,9,0.26,33.23024525211297,East,Home Office,2023-06-26
ORD-1332,Binder,Furniture,77.04,9,0.19,13.956935743317493,West,Home Office,2023-12-03
ORD-1333,Notebook,Office Supplies,475.62,9,0.06,46.80013716570743,East,Corporate,2023-06-21
ORD-1334,Desk,Office Supplies,228.54,5,0.37,28.626980822223263,East,Corporate,2022-04-22
ORD-1335,Notebook,Technology,100.72,9,0.12,10.295568780622839,South,Corporate,2023-02-15
ORD-1336,Notebook,Technology,275.53,4,0.19,48.09340643020855,West,Corporate,2022-07-25
ORD-1337,Printer,Technology,437.74,2,0.03,107.7378313170489,West,Corporate,2022-07-04
ORD-1338,Binder,Office Supplies,368.79,6,0.4,54.1028894128975,Central,Corporate,2023-01-17
ORD-1339,Desk,Office Supplies,405.21,4,0.38,60.348718010001626,South,Corporate,2023-05-11
ORD-1340,Chair,Office Supplies,332.8,6,0.37,20.322857616765088,Central,Corporate,2023-01-14
ORD-1341,Phone,Office Supplies,349.22,3,0.15,21.400830627010894,South,Consumer,2022-02-16
ORD-1342,Chair,Office Supplies,426.11,6,0.09,87.14412190728788,West,Home Office,2023-07-05
ORD-1343,Binder,Office Supplies,132.34,2,0.32,12.786561946502555,East,Corporate,2023-06-12
ORD-1344,Phone,Office Supplies,249.82,2,0.25,29.61988767751579,East,Corporate,2023-05-19
ORD-1345,Binder,Technology,118.39,9,0.09,6.225706099296677,East,Home Office,2022-01-22
ORD-1346,Notebook,Technology,493.96,7,0.34,37.457043175844035,East,Consumer,2022-08-01
ORD-1347,Phone,Technology,472.59,3,0.5,13.80414146337912,East,Home Office,2022-11-06
ORD-1348,Notebook,Technology,29.32,1,0.37,4.983571979295301,Central,Home Office,2023-10-23
ORD-1349,Chair,Office Supplies,355.73,8,0.37,24.84239658410914,South,Corporate,2022-09-29
ORD-1350,Chair,Furniture,463.37,6,0.48,45.620552154455815,West,Home Office,2023-07-25
ORD-1351,Phone,Office Supplies,98.48,7,0.1,5.2953037872093285,Central,Home Office,2022-07-21
ORD-1352,Phone,Furniture,288.29,9,0.28,44.98261819911147,South,Corporate,2022-02-01
ORD-1353,Desk,Technology,458.59,5,0.49,30.581526587394666,East,Corporate,2023-03-19
ORD-1354,Binder,Office Supplies,26.63,1,0.08,6.724645228197008,South,Corporate,2022-06-11
ORD-1355,Desk,Technology,351.74,7,0.35,62.19438741354439,South,Corporate,2022-09-11
ORD-1356,Binder,Office Supplies,155.7,5,0.29,14.517325497009033,East,Home Office,2023-06-05
ORD-1357,Desk,Technology,462.95,3,0.29,90.46994778213262,East,Home Office,2023-10-13
ORD-1358,Notebook,Furniture,485.82,9,0.35,94.43156465261623,East,Consumer,2023-04-25
ORD-1359,Phone,Furniture,472.69,1,0.46,65.43500358709112,West,Consumer,2022-01-10
ORD-1360,Chair,Furniture,242.36,1,0.39,38.61834052589849,East,Home Office,2023-12-27
ORD-1361,Binder,Office Supplies,432.4,1,0.03,47.08170904219084,West,Consumer,2023-05-20
ORD-1362,Binder,Furniture,423.83,3,0.43,46.90954332337332,East,Home Office,2023-07-14
ORD-1363,Chair,Office Supplies,166.36,6,0.11,9.89250438109352,West,Consumer,2023-03-12
ORD-1364,Desk,Furniture,416.17,3,0.19,24.854039547832546,South,Corporate,2022-04-21
ORD-1365,Binder,Furniture,28.13,8,0.23,6.4920334664755694,Central,Consumer,2022-06-02
ORD-1366,Notebook,Office Supplies,302.17,2,0.24,30.235570579815224,South,Corporate,2023-09-27
ORD-1367,Phone,Office Supplies,122.7,9,0.22,22.686722371636726,South,Corporate,2022-04-12
ORD-1368,Chair,Furniture,69.08,3,0.47,9.214105896859753,East,Corporate,2022-07-10
ORD-1369,Phone,Office Supplies,47.71,5,0.35,8.202722167210172,West,Corporate,2023-12-30
ORD-1370,Binder,Furniture,351.18,8,0.32,71.49912793188719,Central,Consumer,2023-07-17
ORD-1371,Binder,Office Supplies,176.54,2,0.02,19.095738429275624,East,Home Office,2022-03-22
ORD-1372,Chair,Technology,365.14,6,0.45,12.067233876438229,East,Corporate,2023-05-04
ORD-1373,Notebook,Technology,42.02,5,0.45,3.5313117930932196,East,Consumer,2022-03-29
ORD-1374,Printer,Technology,164.49,9,0.39,8.279982830474932,South,Corporate,2022-07-13
ORD-1375,Chair,Technology,274.35,5,0.0,15.255635672902457,West,Consumer,2022-04-14
ORD-1376,Printer,Technology,397.45,2,0.03,54.01484829349053,West,Consumer,2022-04-06
ORD-1377,Desk,Furniture,166.19,5,0.11,36.37595983802806,Central,Consumer,2023-02-27
ORD-1378,Printer,Technology,316.69,4,0.07,56.41420992169573,West,Home Office,2022-07-17
ORD-1379,Notebook,Technology,444.13,7,0.2,45.54801766959892,West,Consumer,2022-01-01
ORD-1380,Desk,Technology,311.77,6,0.46,35.95835795208281,East,Consumer,2023-02-11
ORD-1381,Printer,Technology,124.15,2,0.24,10.190660846214382,East,Home Office,2023-01-13
ORD-1382,Desk,Office Supplies,21.96,5,0.01,1.1651845975463895,South,Home Office,2022-06-16
ORD-1383,Printer,Furniture,436.35,7,0.14,90.47105403688005,East,Consumer,2023-05-24
ORD-1384,Notebook,Technology,20.42,7,0.02,4.121104279266151,East,Home Office,2023-09-30
ORD-1385,Printer,Technology,438.6,5,0.02,103.40615312099968,East,Corporate,2022-11-09
ORD-1386,Printer,Technology,269.18,9,0.14,13.828227096376954,East,Corporate,2023-08-16
ORD-1387,Printer,Furniture,470.14,4,0.14,104.83215569308511,South,Home Office,2023-02-22
ORD-1388,Chair,Office Supplies,401.4,3,0.39,50.16606704592225,East,Home Office,2023-11-12
ORD-1389,Chair,Furniture,498.99,4,0.49,48.56814737164279,Central,Consumer,2023-04-22
ORD-1390,Chair,Office Supplies,181.85,5,0.19,30.36610309154959,Central,Home Office,2022-03-14
ORD-1391,Notebook,Technology,385.92,6,0.21,81.13025052970922,Central,Consumer,2022-05-21
ORD-1392,Desk,Technology,206.95,3,0.42,23.614193954693047,Central,Corporate,2023-08-05
ORD-1393,Binder,Furniture,245.14,2,0.13,41.63867330735895,East,Home Office,2022-09-19
ORD-1394,Printer,Furniture,317.48,4,0.08,86.94386832060505,Central,Consumer,2022-12-06
ORD-1395,Printer,Office Supplies,438.1,5,0.43,59.7279467824654,East,Consumer,2022-11-04
ORD-1396,Notebook,Office Supplies,492.2,4,0.02,77.45356770554696,South,Corporate,2022-09-02
ORD-1397,Printer,Furniture,386.45,3,0.31,60.489465939320034,Central,Home Office,2023-05-30
ORD-1398,Chair,Office Supplies,214.71,8,0.28,22.7724614238499,West,Corporate,2022-12-03
ORD-1399,Binder,Furniture,216.46,4,0.17,19.263134391404474,Central,Consumer,2023-07-29
ORD-1400,Phone,Office Supplies,371.42,2,0.16,62.15301206386684,Central,Consumer,2023-07-15
ORD-1401,Printer,Furniture,127.0,2,0.39,21.850066785221955,East,Home Office,2022-03-17
ORD-1402,Chair,Furniture,64.13,1,0.04,17.37881218046199,Central,Consumer,2022-06-24
ORD-1403,Phone,Furniture,183.76,4,0.12,21.907713059026275,West,Home Office,2022-04-19
ORD-1404,Binder,Office Supplies,150.75,9,0.37,17.277337040184978,East,Corporate,2022-07-02
ORD-1405,Phone,Office Supplies,155.19,7,0.27,11.658423955577858,East,Home Office,2022-07-11
ORD-1406,Chair,Office Supplies,124.47,7,0.06,34.97274798684161,South,Home Office,2022-03-06
ORD-1407,Desk,Furniture,30.63,7,0.44,5.064869812519283,South,Consumer,2023-04-19
ORD-1408,Desk,Office Supplies,18.76,8,0.2,3.1873575042623434,Central,Consumer,2022-04-10
ORD-1409,Phone,Office Supplies,493.98,1,0.41,73.18366743692306,South,Home Office,2023-06-28
ORD-1410,Notebook,Furniture,219.61,8,0.39,30.647184828975785,South,Consumer,2022-05-08
ORD-1411,Phone,Technology,198.32,4,0.31,27.134101304984007,South,Consumer,2023-03-28
ORD-1412,Printer,Furniture,343.03,4,0.25,16.294868138831546,East,Consumer,2023-01-04
ORD-1413,Printer,Office Supplies,116.94,4,0.49,9.762438132808793,East,Home Office,2022-02-12
ORD-1414,Desk,Furniture,475.48,6,0.07,96.70683839693528,East,Consumer,2023-02-23
ORD-1415,Notebook,Technology,395.31,7,0.36,55.5035235654975,South,Home Office,2023-05-03
ORD-1416,Chair,Furniture,53.81,6,0.1,6.938938821894405,East,Consumer,2022-03-19
ORD-1417,Printer,Office Supplies,214.61,1,0.17,50.841342330761094,South,Corporate,2022-09-27
ORD-1418,Desk,Technology,440.77,8,0.15,34.40799130853877,East,Consumer,2023-11-05
ORD-1419,Binder,Office Supplies,472.92,7,0.47,43.885853582814846,East,Consumer,2023-12-02
ORD-1420,Desk,Technology,239.03,6,0.48,27.683239598942613,West,Home Office,2023-12-29
ORD-1421,Printer,Technology,310.57,6,0.09,63.38683879614887,Central,Home Office,2022-11-11
ORD-1422,Printer,Furniture,91.85,5,0.01,19.292003324355885,South,Consumer,2022-06-17
ORD-1423,Desk,Furniture,495.67,6,0.36,37.69377740186937,West,Corporate,2022-12-05
ORD-1424,Chair,Office Supplies,123.52,9,0.21,8.68973048442388,East,Consumer,2022-07-12
ORD-1425,Phone,Furniture,471.94,9,0.04,94.6832826822235,South,Consumer,2023-03-29
ORD-1426,Printer,Furniture,328.33,8,0.34,43.30175252569016,East,Corporate,2022-10-10
ORD-1427,Desk,Technology,307.79,9,0.27,21.3090625192639,Central,Home Office,2022-12-02
ORD-1428,Desk,Furniture,261.22,8,0.49,30.146157069757678,West,Consumer,2023-01-25
ORD-1429,Notebook,Technology,123.03,8,0.11,17.934792756815668,Central,Home Office,2023-06-09
ORD-1430,Phone,Technology,96.5,1,0.2,16.747779417940855,West,Home Office,2022-08-28
ORD-1431,Binder,Technology,118.04,5,0.27,22.34727284253252,East,Corporate,2023-04-28
ORD-1432,Chair,Office Supplies,101.35,4,0.4,5.620796435440674,Central,Corporate,2023-10-21
ORD-1433,Binder,Office Supplies,392.0,2,0.27,15.677623856493694,Central,Home Office,2023-12-17
ORD-1434,Phone,Office Supplies,181.56,8,0.31,30.664611813588284,East,Consumer,2023-08-15
ORD-1435,Phone,Technology,38.34,3,0.11,6.9072453398781635,Central,Home Office,2023-07-09
ORD-1436,Phone,Office Supplies,484.86,4,0.42,63.24889005041239,South,Consumer,2023-04-03
ORD-1437,Binder,Office Supplies,443.06,7,0.21,90.84307628564743,West,Consumer,2022-03-30
ORD-1438,Phone,Furniture,464.6,9,0.07,108.32313577427512,West,Corporate,2023-10-22
ORD-1439,Desk,Office Supplies,497.5,2,0.33,96.74092699376261,West,Consumer,2022-04-05
ORD-1440,Binder,Office Supplies,95.21,3,0.11,15.590214295796011,South,Consumer,2023-03-28
ORD-1441,Phone,Technology,204.16,4,0.05,33.383776236413496,West,Home Office,2023-03-04
ORD-1442,Desk,Technology,381.54,1,0.43,32.724276020099055,East,Corporate,2022-05-31
ORD-1443,Notebook,Technology,351.05,7,0.23,23.90142381366317,Central,Consumer,2023-05-29
ORD-1444,Phone,Technology,85.41,2,0.37,10.39317044227143,South,Consumer,2023-01-11
ORD-1445,Binder,Technology,409.76,5,0.15,41.53538854316027,West,Corporate,2022-01-22
ORD-1446,Printer,Technology,119.98,1,0.39,20.5165074855852,East,Home Office,2022-11-09
ORD-1447,Phone,Office Supplies,119.67,3,0.06,22.025244233742463,Central,Corporate,2023-06-03
ORD-1448,Printer,Technology,273.12,2,0.18,44.39080457057689,Central,Corporate,2022-07-25
ORD-1449,Desk,Technology,300.54,1,0.49,21.264074841447016,South,Consumer,2023-01-10
ORD-1450,Notebook,Furniture,294.24,7,0.4,11.121802038888099,South,Consumer,2023-03-27
ORD-1451,Chair,Office Supplies,54.83,5,0.25,2.382470747887681,South,Home Office,2023-09-18
ORD-1452,Notebook,Office Supplies,439.96,1,0.17,56.90532497949046,East,Consumer,2023-08-18
ORD-1453,Phone,Office Supplies,140.14,6,0.44,5.583058892116568,East,Consumer,2022-06-28
ORD-1454,Printer,Technology,73.46,5,0.27,10.816953367101098,South,Corporate,2022-07-29
ORD-1455,Printer,Technology,445.49,3,0.38,74.6422129637737,West,Consumer,2023-05-15
ORD-1456,Binder,Technology,478.27,7,0.38,80.27847874094343,Central,Home Office,2023-04-09
ORD-1457,Printer,Furniture,432.44,9,0.01,91.9426852965017,Central,Corporate,2022-05-04
ORD-1458,Binder,Technology,406.66,9,0.06,39.2994110978938,East,Home Office,2022-04-23
ORD-1459,Desk,Furniture,331.07,9,0.33,58.94766546046194,Central,Corporate,2022-01-12
ORD-1460,Chair,Office Supplies,279.92,2,0.08,69.92443311496085,West,Consumer,2022-05-06
ORD-1461,Phone,Technology,52.62,3,0.13,4.5396407817488695,Central,Corporate,2023-07-19
ORD-1462,Binder,Furniture,210.14,7,0.47,26.101270090460144,East,Corporate,2022-11-27
ORD-1463,Chair,Furniture,192.62,5,0.28,16.868411192581636,East,Consumer,2022-10-10
ORD-1464,Printer,Technology,137.28,2,0.38,21.33458162237058,West,Consumer,2022-05-20
ORD-1465,Printer,Office Supplies,364.48,3,0.28,78.54646855623572,West,Home Office,2023-02-05
ORD-1466,Chair,Office Supplies,252.98,6,0.28,10.474556189081362,Central,Home Office,2022-04-07
ORD-1467,Printer,Office Supplies,49.71,7,0.05,12.955638582260967,Central,Consumer,2023-06-01
ORD-1468,Desk,Furniture,117.89,9,0.17,20.123332073233755,East,Consumer,2023-07-23
ORD-1469,Desk,Furniture,344.8,1,0.14,86.98520032392652,West,Consumer,2022-03-10
ORD-1470,Chair,Furniture,47.3,7,0.2,6.2909900358000055,West,Corporate,2022-04-28
ORD-1471,Binder,Furniture,427.09,8,0.4,67.09933669015919,West,Corporate,2022-02-28
ORD-1472,Binder,Office Supplies,252.62,3,0.19,13.422912895882602,Central,Corporate,2022-02-02
ORD-1473,Chair,Technology,245.49,4,0.23,25.295588395716265,West,Consumer,2022-11-14
ORD-1474,Binder,Furniture,300.28,6,0.2,16.035945191186666,East,Home Office,2022-02-19
ORD-1475,Binder,Furniture,414.09,7,0.05,115.59073655880772,East,Consumer,2023-05-04
ORD-1476,Desk,Office Supplies,180.43,4,0.22,35.78105740736621,Central,Corporate,2022-01-19
ORD-1477,Binder,Technology,342.23,8,0.1,81.0479933939269,South,Corporate,2023-12-27
ORD-1478,Notebook,Technology,287.21,5,0.09,74.35496116232927,Central,Consumer,2022-07-16
ORD-1479,Phone,Office Supplies,140.84,1,0.05,9.53656905896376,South,Consumer,2023-03-26
ORD-1480,Printer,Office Supplies,440.53,4,0.18,52.88452802312925,West,Corporate,2023-07-13
ORD-1481,Notebook,Technology,400.74,3,0.38,16.83525082250148,Central,Corporate,2023-11-10
ORD-1482,Binder,Furniture,332.64,9,0.14,29.378936719414327,East,Corporate,2023-03-28
ORD-1483,Desk,Technology,426.79,8,0.16,38.48229419620072,West,Consumer,2022-10-16
ORD-1484,Chair,Office Supplies,434.97,1,0.32,49.4770658101921,East,Corporate,2022-05-21
ORD-1485,Binder,Furniture,357.1,6,0.1,37.64779874948155,West,Corporate,2022-03-25
ORD-1486,Desk,Furniture,420.14,9,0.45,17.387279497281945,Central,Home Office,2023-11-25
ORD-1487,Phone,Office Supplies,351.76,7,0.26,23.914703117452515,South,Consumer,2023-01-26
ORD-1488,Binder,Office Supplies,343.27,4,0.22,23.24581012660262,West,Home Office,2023-08-14
ORD-1489,Chair,Office Supplies,313.12,1,0.28,66.11648525321378,South,Home Office,2022-08-03
ORD-1490,Desk,Technology,378.83,2,0.08,83.58401949106283,West,Corporate,2023-06-10
ORD-1491,Desk,Technology,87.72,5,0.31,17.67021616401943,East,Consumer,2022-08-03
ORD-1492,Desk,Furniture,441.63,5,0.18,57.91836116657998,East,Corporate,2023-02-07
ORD-1493,Phone,Office Supplies,437.2,8,0.45,28.757121275150602,West,Consumer,2022-05-08
ORD-1494,Binder,Furniture,24.33,6,0.08,5.586348902262887,South,Home Office,2023-04-22
ORD-1495,Phone,Furniture,414.65,8,0.25,40.914597584205275,Central,Consumer,2023-02-08
ORD-1496,Printer,Furniture,73.15,2,0.3,6.39273141264559,Central,Corporate,2022-01-29
ORD-1497,Printer,Furniture,174.21,3,0.02,18.459982881118936,East,Corporate,2022-12-04
ORD-1498,Binder,Office Supplies,374.32,6,0.18,25.298114201423637,Central,Corporate,2023-12-15
ORD-1499,Phone,Furniture,88.77,3,0.37,6.381935583417185,East,Consumer,2022-12-27
